Step,Action,CLI_Command,Target_File,Version,Grade,Tags,Expected_Output,Notes
1,Initial Syntax Check,slick check-syntax --file,update/Merged_slick_stuff_1.csv,v1.0,green,logic-core,"‚úÖ Syntax OK | 0 errors",Check for tag integrity and line breaks
2,Inspect Core Logic,slick inspect-logic --file --tag,update/Merged_slick_stuff_1.csv,v1.0,green,session-boot,"üß† 42 logic nodes | 8 session-boot tags",Verify tagged section loads correctly
3,Train Memory,slick train-memory --file --version --grade,update/Merged_slick_stuff_1.csv,v1.0,green,session-boot,"‚úÖ Memory Trained | 150 vectors injected",Push logic into memory index
4,Apply Cohesion,slick apply-cohesion --file --output,update/Super_merge.csv,v2.2,blue,cohesion-full,"üß© cohesion_session.json created (3.2MB)",Combines 5 logic streams
5,Log Session,slick session-log --input --output,sessions/cohesion_session.json,,final,cohesion-full,"üìù logged_session.json created | SHA-256: 9a3f...c42d",Training traceability
6,Test Enhanced Merge,slick check-syntax --file,update/Merged_slick_stuff_3.csv,v3.1,orange,experimental,"‚úÖ Syntax OK | 2 warnings",Cross-test auto-merged files
7,Inspect Advanced Tags,slick inspect-logic --file --version --grade --tag,update/Unified_AI_control.py,v3.2,yellow,intel-control,"Filtered 18 tags | intel-control:12",Combine rule+intel logic
8,Train Memory: AI Layer,slick train-memory --file --version --grade,update/Unified_AI_control.py,v3.2,yellow,intel-control,"‚úÖ Memory Updated | 220 new vectors",AI uses fused rule+intel
9,Export Final Snapshot,slick session-log --input --output,sessions/logged_session.json,,final,master-cohesion,"‚úÖ Snapshot saved | sessions/final_cohesion_v3.2.json",Version audit/backup
10,Archive Logic Export,cp -v,archive/final_snapshot_2025-06.json,,,,üì¶ Copied 4.7MB to archive/,Manual long-term retention
